delete from t_live_role;
delete from t_live_hero;
delete from t_live_hero_role;

insert into t_live_role (ID, role_name) values (1, '射手');
insert into t_live_role (ID, role_name) values (2, '法师');
insert into t_live_role (ID, role_name) values (3, '坦克');
insert into t_live_role (ID, role_name) values (4, '战士');
insert into t_live_role (ID, role_name) values (5, '打野');
insert into t_live_role (ID, role_name) values (6, '辅助');




insert into t_live_hero (ID, name, alias) values (1, '赵云', null);
insert into t_live_hero (ID, name, alias) values (2, '墨子', null);
insert into t_live_hero (ID, name, alias) values (3, '钟无艳', null);
insert into t_live_hero (ID, name, alias) values (4, '吕布', null);
insert into t_live_hero (ID, name, alias) values (5, '夏侯惇', '夏侯');
insert into t_live_hero (ID, name, alias) values (6, '曹操', '曹老板');
insert into t_live_hero (ID, name, alias) values (7, '典韦', null);
insert into t_live_hero (ID, name, alias) values (8, '宫本武藏', '宫本');
insert into t_live_hero (ID, name, alias) values (9, '达摩', null);
insert into t_live_hero (ID, name, alias) values (10, '老夫子', '老头');
insert into t_live_hero (ID, name, alias) values (11, '关羽', null);
insert into t_live_hero (ID, name, alias) values (12, '程咬金', '咬金');
insert into t_live_hero (ID, name, alias) values (13, '露娜', null);
insert into t_live_hero (ID, name, alias) values (14, '花木兰', '木兰');
insert into t_live_hero (ID, name, alias) values (15, '橘右京', '橘子');
insert into t_live_hero (ID, name, alias) values (16, '亚瑟', null);
insert into t_live_hero (ID, name, alias) values (17, '孙悟空', '悟空,猴子');
insert into t_live_hero (ID, name, alias) values (18, '刘备', null);
insert into t_live_hero (ID, name, alias) values (19, '杨戬', null);
insert into t_live_hero (ID, name, alias) values (20, '雅典娜', null);
insert into t_live_hero (ID, name, alias) values (21, '哪吒', null);
insert into t_live_hero (ID, name, alias) values (22, '铠', null);
insert into t_live_hero (ID, name, alias) values (23, '梦奇', null);
insert into t_live_hero (ID, name, alias) values (24, '裴擒虎', '老虎');
insert into t_live_hero (ID, name, alias) values (25, '狂铁', null);
insert into t_live_hero (ID, name, alias) values (26, '孙策', null);
insert into t_live_hero (ID, name, alias) values (27, '李信', '暗信,光信');
insert into t_live_hero (ID, name, alias) values (28, '盘古', null);
insert into t_live_hero (ID, name, alias) values (29, '云中君', null);
insert into t_live_hero (ID, name, alias) values (30, '曜', '东方曜');
insert into t_live_hero (ID, name, alias) values (31, '马超', null);
insert into t_live_hero (ID, name, alias) values (32, '蒙恬', null);
insert into t_live_hero (ID, name, alias) values (33, '夏洛特', null);
insert into t_live_hero (ID, name, alias) values (34, '司空震', null);
insert into t_live_hero (ID, name, alias) values (35, '云缨', null);
insert into t_live_hero (ID, name, alias) values (36, '赵怀真', null);
insert into t_live_hero (ID, name, alias) values (37, '廉颇', null);
insert into t_live_hero (ID, name, alias) values (38, '庄周', '鱼');
insert into t_live_hero (ID, name, alias) values (39, '刘禅', null);
insert into t_live_hero (ID, name, alias) values (41, '白起', null);
insert into t_live_hero (ID, name, alias) values (42, '芈月', null);
insert into t_live_hero (ID, name, alias) values (44, '项羽', null);
insert into t_live_hero (ID, name, alias) values (45, '刘邦', null);
insert into t_live_hero (ID, name, alias) values (46, '牛魔', '牛魔王');
insert into t_live_hero (ID, name, alias) values (47, '张飞', null);
insert into t_live_hero (ID, name, alias) values (48, '太乙真人', '太乙');
insert into t_live_hero (ID, name, alias) values (49, '东皇太一', '东皇');
insert into t_live_hero (ID, name, alias) values (50, '苏烈', null);
insert into t_live_hero (ID, name, alias) values (52, '盾山', null);
insert into t_live_hero (ID, name, alias) values (53, '嫦娥', null);
insert into t_live_hero (ID, name, alias) values (54, '猪八戒', '八戒,猪');
insert into t_live_hero (ID, name, alias) values (55, '阿古朵', null);
insert into t_live_hero (ID, name, alias) values (56, '阿轲', null);
insert into t_live_hero (ID, name, alias) values (57, '李白', null);
insert into t_live_hero (ID, name, alias) values (58, '貂蝉', null);
insert into t_live_hero (ID, name, alias) values (59, '韩信', null);
insert into t_live_hero (ID, name, alias) values (60, '兰陵王', null);
insert into t_live_hero (ID, name, alias) values (61, '不知火舞', '火舞');
insert into t_live_hero (ID, name, alias) values (62, '娜可露露', '露露,鸟');
insert into t_live_hero (ID, name, alias) values (63, '百里守约', '百里,守约');
insert into t_live_hero (ID, name, alias) values (64, '百里玄策', '玄策');
insert into t_live_hero (ID, name, alias) values (65, '元歌', null);
insert into t_live_hero (ID, name, alias) values (66, '司马懿', null);
insert into t_live_hero (ID, name, alias) values (67, '上官婉儿', '婉儿');
insert into t_live_hero (ID, name, alias) values (68, '镜', '东方镜');
insert into t_live_hero (ID, name, alias) values (69, '澜', null);
insert into t_live_hero (ID, name, alias) values (71, '暃', null);
insert into t_live_hero (ID, name, alias) values (72, '孙尚香', '香香');
insert into t_live_hero (ID, name, alias) values (73, '鲁班七号', '鲁班,小鲁班,卤蛋');
insert into t_live_hero (ID, name, alias) values (74, '马可波罗', '马可');
insert into t_live_hero (ID, name, alias) values (75, '狄仁杰', null);
insert into t_live_hero (ID, name, alias) values (76, '后羿', null);
insert into t_live_hero (ID, name, alias) values (77, '李元芳', '元芳');
insert into t_live_hero (ID, name, alias) values (78, '虞姬', null);
insert into t_live_hero (ID, name, alias) values (79, '成吉思汗', '狼狗');
insert into t_live_hero (ID, name, alias) values (80, '黄忠', null);
insert into t_live_hero (ID, name, alias) values (81, '公孙离', '阿离');
insert into t_live_hero (ID, name, alias) values (82, '伽罗', null);
insert into t_live_hero (ID, name, alias) values (83, '蒙犽', null);
insert into t_live_hero (ID, name, alias) values (84, '艾琳', null);
insert into t_live_hero (ID, name, alias) values (85, '戈娅', null);
insert into t_live_hero (ID, name, alias) values (86, '莱西奥', null);
insert into t_live_hero (ID, name, alias) values (87, '孙膑', null);
insert into t_live_hero (ID, name, alias) values (88, '钟馗', null);
insert into t_live_hero (ID, name, alias) values (89, '蔡文姬', '奶妈');
insert into t_live_hero (ID, name, alias) values (90, '大乔', null);
insert into t_live_hero (ID, name, alias) values (91, '鬼谷子', null);
insert into t_live_hero (ID, name, alias) values (92, '明世隐', '小明');
insert into t_live_hero (ID, name, alias) values (94, '瑶', null);
insert into t_live_hero (ID, name, alias) values (95, '鲁班大师', null);
insert into t_live_hero (ID, name, alias) values (96, '金蝉', null);
insert into t_live_hero (ID, name, alias) values (97, '桑启', null);
insert into t_live_hero (ID, name, alias) values (98, '小乔', null);
insert into t_live_hero (ID, name, alias) values (99, '妲己', '小妲己');
insert into t_live_hero (ID, name, alias) values (100, '嬴政', null);
insert into t_live_hero (ID, name, alias) values (101, '高渐离', null);
insert into t_live_hero (ID, name, alias) values (103, '扁鹊', '奶爸');
insert into t_live_hero (ID, name, alias) values (105, '周瑜', null);
insert into t_live_hero (ID, name, alias) values (106, '甄姬', null);
insert into t_live_hero (ID, name, alias) values (107, '武则天', null);
insert into t_live_hero (ID, name, alias) values (108, '安琪拉', null);
insert into t_live_hero (ID, name, alias) values (109, '姜子牙', null);
insert into t_live_hero (ID, name, alias) values (110, '王昭君', '昭君');
insert into t_live_hero (ID, name, alias) values (111, '张良', null);
insert into t_live_hero (ID, name, alias) values (113, '诸葛亮', '孔明');
insert into t_live_hero (ID, name, alias) values (114, '干将莫邪', '干将');
insert into t_live_hero (ID, name, alias) values (115, '女娲', null);
insert into t_live_hero (ID, name, alias) values (116, '杨玉环', null);
insert into t_live_hero (ID, name, alias) values (117, '弈星', null);
insert into t_live_hero (ID, name, alias) values (118, '米莱狄', null);
insert into t_live_hero (ID, name, alias) values (119, '沈梦溪', '炸弹猫');
insert into t_live_hero (ID, name, alias) values (120, '西施', null);
insert into t_live_hero (ID, name, alias) values (123, '海月', null);
insert into t_live_hero (ID, name, alias) values (124, '姬小满', '小满');

insert into t_live_hero_role (hero_id, role_id) values (1, 4);
insert into t_live_hero_role (hero_id, role_id) values (2, 4);
insert into t_live_hero_role (hero_id, role_id) values (3, 4);
insert into t_live_hero_role (hero_id, role_id) values (4, 4);
insert into t_live_hero_role (hero_id, role_id) values (5, 4);
insert into t_live_hero_role (hero_id, role_id) values (6, 4);
insert into t_live_hero_role (hero_id, role_id) values (7, 4);
insert into t_live_hero_role (hero_id, role_id) values (8, 4);
insert into t_live_hero_role (hero_id, role_id) values (9, 4);
insert into t_live_hero_role (hero_id, role_id) values (10, 4);
insert into t_live_hero_role (hero_id, role_id) values (11, 4);
insert into t_live_hero_role (hero_id, role_id) values (12, 4);
insert into t_live_hero_role (hero_id, role_id) values (13, 4);
insert into t_live_hero_role (hero_id, role_id) values (14, 4);
insert into t_live_hero_role (hero_id, role_id) values (15, 4);
insert into t_live_hero_role (hero_id, role_id) values (16, 4);
insert into t_live_hero_role (hero_id, role_id) values (17, 4);
insert into t_live_hero_role (hero_id, role_id) values (18, 4);
insert into t_live_hero_role (hero_id, role_id) values (19, 4);
insert into t_live_hero_role (hero_id, role_id) values (20, 4);
insert into t_live_hero_role (hero_id, role_id) values (21, 4);
insert into t_live_hero_role (hero_id, role_id) values (22, 4);
insert into t_live_hero_role (hero_id, role_id) values (23, 4);
insert into t_live_hero_role (hero_id, role_id) values (24, 4);
insert into t_live_hero_role (hero_id, role_id) values (25, 4);
insert into t_live_hero_role (hero_id, role_id) values (26, 4);
insert into t_live_hero_role (hero_id, role_id) values (27, 4);
insert into t_live_hero_role (hero_id, role_id) values (28, 4);
insert into t_live_hero_role (hero_id, role_id) values (29, 4);
insert into t_live_hero_role (hero_id, role_id) values (30, 4);
insert into t_live_hero_role (hero_id, role_id) values (31, 4);
insert into t_live_hero_role (hero_id, role_id) values (32, 4);
insert into t_live_hero_role (hero_id, role_id) values (33, 4);
insert into t_live_hero_role (hero_id, role_id) values (34, 4);
insert into t_live_hero_role (hero_id, role_id) values (35, 4);
insert into t_live_hero_role (hero_id, role_id) values (36, 4);

insert into t_live_hero_role (hero_id, role_id) values (5, 3);
insert into t_live_hero_role (hero_id, role_id) values (9, 3);
insert into t_live_hero_role (hero_id, role_id) values (12, 3);
insert into t_live_hero_role (hero_id, role_id) values (16, 3);
insert into t_live_hero_role (hero_id, role_id) values (22, 3);
insert into t_live_hero_role (hero_id, role_id) values (26, 3);
insert into t_live_hero_role (hero_id, role_id) values (32, 3);
insert into t_live_hero_role (hero_id, role_id) values (37, 3);
insert into t_live_hero_role (hero_id, role_id) values (38, 3);
insert into t_live_hero_role (hero_id, role_id) values (39, 3);
insert into t_live_hero_role (hero_id, role_id) values (3, 3);
insert into t_live_hero_role (hero_id, role_id) values (41, 3);
insert into t_live_hero_role (hero_id, role_id) values (42, 3);
insert into t_live_hero_role (hero_id, role_id) values (4, 3);
insert into t_live_hero_role (hero_id, role_id) values (44, 3);
insert into t_live_hero_role (hero_id, role_id) values (45, 3);
insert into t_live_hero_role (hero_id, role_id) values (46, 3);
insert into t_live_hero_role (hero_id, role_id) values (47, 3);
insert into t_live_hero_role (hero_id, role_id) values (48, 3);
insert into t_live_hero_role (hero_id, role_id) values (49, 3);
insert into t_live_hero_role (hero_id, role_id) values (50, 3);
insert into t_live_hero_role (hero_id, role_id) values (23, 3);
insert into t_live_hero_role (hero_id, role_id) values (52, 3);
insert into t_live_hero_role (hero_id, role_id) values (53, 3);
insert into t_live_hero_role (hero_id, role_id) values (54, 3);
insert into t_live_hero_role (hero_id, role_id) values (55, 3);



insert into t_live_hero_role (hero_id, role_id) values (31, 5);
insert into t_live_hero_role (hero_id, role_id) values (1, 5);
insert into t_live_hero_role (hero_id, role_id) values (14, 5);
insert into t_live_hero_role (hero_id, role_id) values (15, 5);
insert into t_live_hero_role (hero_id, role_id) values (17, 5);
insert into t_live_hero_role (hero_id, role_id) values (24, 5);
insert into t_live_hero_role (hero_id, role_id) values (56, 5);
insert into t_live_hero_role (hero_id, role_id) values (57, 5);
insert into t_live_hero_role (hero_id, role_id) values (58, 5);
insert into t_live_hero_role (hero_id, role_id) values (59, 5);
insert into t_live_hero_role (hero_id, role_id) values (60, 5);
insert into t_live_hero_role (hero_id, role_id) values (61, 5);
insert into t_live_hero_role (hero_id, role_id) values (62, 5);
insert into t_live_hero_role (hero_id, role_id) values (63, 5);
insert into t_live_hero_role (hero_id, role_id) values (64, 5);
insert into t_live_hero_role (hero_id, role_id) values (65, 5);
insert into t_live_hero_role (hero_id, role_id) values (66, 5);
insert into t_live_hero_role (hero_id, role_id) values (67, 5);
insert into t_live_hero_role (hero_id, role_id) values (68, 5);
insert into t_live_hero_role (hero_id, role_id) values (69, 5);
insert into t_live_hero_role (hero_id, role_id) values (35, 5);
insert into t_live_hero_role (hero_id, role_id) values (71, 5);


insert into t_live_hero_role (hero_id, role_id) values (63, 1);
insert into t_live_hero_role (hero_id, role_id) values (72, 1);
insert into t_live_hero_role (hero_id, role_id) values (73, 1);
insert into t_live_hero_role (hero_id, role_id) values (74, 1);
insert into t_live_hero_role (hero_id, role_id) values (75, 1);
insert into t_live_hero_role (hero_id, role_id) values (76, 1);
insert into t_live_hero_role (hero_id, role_id) values (77, 1);
insert into t_live_hero_role (hero_id, role_id) values (78, 1);
insert into t_live_hero_role (hero_id, role_id) values (79, 1);
insert into t_live_hero_role (hero_id, role_id) values (80, 1);
insert into t_live_hero_role (hero_id, role_id) values (81, 1);
insert into t_live_hero_role (hero_id, role_id) values (82, 1);
insert into t_live_hero_role (hero_id, role_id) values (83, 1);
insert into t_live_hero_role (hero_id, role_id) values (84, 1);
insert into t_live_hero_role (hero_id, role_id) values (85, 1);
insert into t_live_hero_role (hero_id, role_id) values (86, 1);



insert into t_live_hero_role (hero_id, role_id) values (38, 6);
insert into t_live_hero_role (hero_id, role_id) values (39, 6);
insert into t_live_hero_role (hero_id, role_id) values (46, 6);
insert into t_live_hero_role (hero_id, role_id) values (47, 6);
insert into t_live_hero_role (hero_id, role_id) values (48, 6);
insert into t_live_hero_role (hero_id, role_id) values (49, 6);
insert into t_live_hero_role (hero_id, role_id) values (50, 6);
insert into t_live_hero_role (hero_id, role_id) values (87, 6);
insert into t_live_hero_role (hero_id, role_id) values (88, 6);
insert into t_live_hero_role (hero_id, role_id) values (89, 6);
insert into t_live_hero_role (hero_id, role_id) values (90, 6);
insert into t_live_hero_role (hero_id, role_id) values (91, 6);
insert into t_live_hero_role (hero_id, role_id) values (92, 6);
insert into t_live_hero_role (hero_id, role_id) values (52, 6);
insert into t_live_hero_role (hero_id, role_id) values (94, 6);
insert into t_live_hero_role (hero_id, role_id) values (95, 6);
insert into t_live_hero_role (hero_id, role_id) values (96, 6);
insert into t_live_hero_role (hero_id, role_id) values (97, 6);


insert into t_live_hero_role (hero_id, role_id) values ('2', '2');
insert into t_live_hero_role (hero_id, role_id) values ('58', '2');
insert into t_live_hero_role (hero_id, role_id) values ('13', '2');
insert into t_live_hero_role (hero_id, role_id) values ('88', '2');
insert into t_live_hero_role (hero_id, role_id) values ('66', '2');
insert into t_live_hero_role (hero_id, role_id) values ('67', '2');
insert into t_live_hero_role (hero_id, role_id) values ('53', '2');
insert into t_live_hero_role (hero_id, role_id) values ('98', '2');
insert into t_live_hero_role (hero_id, role_id) values ('99', '2');
insert into t_live_hero_role (hero_id, role_id) values ('100', '2');
insert into t_live_hero_role (hero_id, role_id) values ('101', '2');
insert into t_live_hero_role (hero_id, role_id) values ('87', '2');
insert into t_live_hero_role (hero_id, role_id) values ('103', '2');
insert into t_live_hero_role (hero_id, role_id) values ('42', '2');
insert into t_live_hero_role (hero_id, role_id) values ('105', '2');
insert into t_live_hero_role (hero_id, role_id) values ('106', '2');
insert into t_live_hero_role (hero_id, role_id) values ('107', '2');
insert into t_live_hero_role (hero_id, role_id) values ('108', '2');
insert into t_live_hero_role (hero_id, role_id) values ('109', '2');
insert into t_live_hero_role (hero_id, role_id) values ('110', '2');
insert into t_live_hero_role (hero_id, role_id) values ('111', '2');
insert into t_live_hero_role (hero_id, role_id) values ('61', '2');
insert into t_live_hero_role (hero_id, role_id) values ('113', '2');
insert into t_live_hero_role (hero_id, role_id) values ('114', '2');
insert into t_live_hero_role (hero_id, role_id) values ('115', '2');
insert into t_live_hero_role (hero_id, role_id) values ('116', '2');
insert into t_live_hero_role (hero_id, role_id) values ('117', '2');
insert into t_live_hero_role (hero_id, role_id) values ('118', '2');
insert into t_live_hero_role (hero_id, role_id) values ('119', '2');
insert into t_live_hero_role (hero_id, role_id) values ('120', '2');
insert into t_live_hero_role (hero_id, role_id) values ('34', '2');
insert into t_live_hero_role (hero_id, role_id) values ('96', '2');
insert into t_live_hero_role (hero_id, role_id) values ('123', '2');


insert into t_live_hero_role (hero_id, role_id) values (65, 4);

insert into t_live_hero_role (hero_id, role_id) values (28, 5);
insert into t_live_hero_role (hero_id, role_id) values (77, 5);
insert into t_live_hero_role (hero_id, role_id) values (13, 5);
insert into t_live_hero_role (hero_id, role_id) values (36, 5);
insert into t_live_hero_role (hero_id, role_id) values (20, 5);
insert into t_live_hero_role (hero_id, role_id) values (23, 5);
insert into t_live_hero_role (hero_id, role_id) values (55, 5);
insert into t_live_hero_role (hero_id, role_id) values (113, 5);
insert into t_live_hero_role (hero_id, role_id) values (18, 5);
insert into t_live_hero_role (hero_id, role_id) values (29, 5);
insert into t_live_hero_role (hero_id, role_id) values (8, 5);
insert into t_live_hero_role (hero_id, role_id) values (6, 5);
insert into t_live_hero_role (hero_id, role_id) values (22, 5);


insert into t_live_hero_role (hero_id, role_id) values (124, 4);
insert into t_live_hero_role (hero_id, role_id) values (124, 5);